{
    "B217": {
        "co2": [
            1045,
            1325
        ],
        "timestamp": [
            "2024-12-04 15:15:43",
            "2024-12-06 14:55:37"
        ],
        "illumination": [
            50,
            52
        ],
        "pressure": [
            1002.9,
            1000.9
        ],
        "temperature": [
            21.7
        ],
        "humidity": [
            55.5
        ]
    },
    "C002": {
        "co2": [
            1109,
            904
        ],
        "timestamp": [
            "2024-12-04 15:15:45",
            "2024-12-06 14:55:39"
        ],
        "illumination": [
            32,
            35
        ],
        "pressure": [
            1003.8,
            1001.7
        ],
        "temperature": [
            21.1
        ],
        "humidity": [
            52.5
        ],
        "activity": [
            2
        ]
    },
    "B112": {
        "co2": [
            1870,
            1969,
            1757
        ],
        "timestamp": [
            "2024-12-04 15:15:48",
            "2024-12-04 15:25:48",
            "2024-12-06 14:55:39"
        ],
        "illumination": [
            92,
            58
        ],
        "pressure": [
            1003.1,
            1001
        ],
        "temperature": [
            21.7
        ],
        "humidity": [
            59
        ],
        "activity": [
            126
        ]
    },
    "E001": {
        "co2": [
            1329,
            1493
        ],
        "timestamp": [
            "2024-12-04 15:16:11",
            "2024-12-06 14:56:08"
        ],
        "illumination": [
            4,
            100
        ],
        "pressure": [
            1004.1,
            1002.2
        ],
        "temperature": [
            21.2
        ],
        "humidity": [
            60
        ],
        "activity": [
            97
        ]
    },
    "B108": {
        "co2": [
            2089
        ],
        "timestamp": [
            "2024-12-04 15:16:43"
        ],
        "illumination": [
            9
        ],
        "pressure": [
            1003.3
        ]
    },
    "C102": {
        "co2": [
            640,
            520,
            554
        ],
        "timestamp": [
            "2024-12-04 15:17:17",
            "2024-12-05 15:17:09",
            "2024-12-06 14:57:08"
        ],
        "illumination": [
            6,
            6,
            9
        ],
        "pressure": [
            1003.8,
            1002.3,
            1001.6
        ],
        "temperature": [
            18.6,
            18.8
        ],
        "humidity": [
            41.5,
            55
        ],
        "activity": [
            1,
            1
        ]
    },
    "E007": {
        "co2": [
            1129,
            470,
            1034
        ],
        "timestamp": [
            "2024-12-04 15:17:18",
            "2024-12-05 15:17:08",
            "2024-12-06 14:57:09"
        ],
        "illumination": [
            133,
            27,
            48
        ],
        "pressure": [
            1004.1,
            1002.8,
            1002.1
        ],
        "temperature": [
            19.1,
            21.3
        ],
        "humidity": [
            38,
            53.5
        ],
        "activity": [
            198
        ]
    },
    "amphi1": {
        "co2": [
            438,
            456,
            578
        ],
        "timestamp": [
            "2024-12-04 15:17:44",
            "2024-12-05 15:17:36",
            "2024-12-06 14:57:38"
        ],
        "illumination": [
            1
        ],
        "pressure": [
            1003.6,
            1002.3,
            1001.6
        ],
        "temperature": [
            20.6,
            21.1
        ],
        "humidity": [
            39,
            53.5
        ]
    },
    "B203": {
        "co2": [
            1378,
            847,
            950
        ],
        "timestamp": [
            "2024-12-04 15:17:46",
            "2024-12-05 15:17:36",
            "2024-12-06 14:57:34"
        ],
        "illumination": [
            72,
            32,
            42
        ],
        "pressure": [
            1002.9,
            1001.5,
            1000.8
        ],
        "temperature": [
            21,
            20.3
        ],
        "humidity": [
            41.5,
            53
        ]
    },
    "E208": {
        "co2": [
            1028,
            523,
            876
        ],
        "timestamp": [
            "2024-12-04 15:17:47",
            "2024-12-05 15:17:39",
            "2024-12-06 14:57:37"
        ],
        "illumination": [
            13,
            13,
            16
        ],
        "pressure": [
            1003,
            1001.6,
            1000.9
        ],
        "temperature": [
            19,
            20.3
        ],
        "humidity": [
            38.5,
            55
        ],
        "activity": [
            27,
            136
        ]
    },
    "E210": {
        "co2": [
            1084,
            722,
            431
        ],
        "timestamp": [
            "2024-12-04 15:18:09",
            "2024-12-05 15:18:00",
            "2024-12-06 14:57:57"
        ],
        "illumination": [
            352,
            361,
            385
        ],
        "pressure": [
            1002.2,
            1000.8,
            1000.1
        ],
        "temperature": [
            21.5,
            21.9
        ],
        "humidity": [
            37,
            49
        ],
        "activity": [
            421
        ]
    },
    "B103": {
        "co2": [
            2420,
            2746,
            2871
        ],
        "timestamp": [
            "2024-12-04 15:18:12",
            "2024-12-05 15:18:11",
            "2024-12-06 14:58:09"
        ],
        "illumination": [
            11,
            18,
            22
        ],
        "pressure": [
            1003.5,
            1002.1,
            1001.4
        ],
        "temperature": [
            22.9,
            21.7
        ],
        "humidity": [
            37,
            52.5
        ]
    },
    "E207": {
        "co2": [
            525,
            492,
            474
        ],
        "timestamp": [
            "2024-12-04 15:18:43",
            "2024-12-05 15:18:35",
            "2024-12-06 14:58:34"
        ],
        "illumination": [
            955,
            104,
            123
        ],
        "pressure": [
            1003.1,
            1001.8,
            1001.1
        ],
        "temperature": [
            19.4,
            20.2
        ],
        "humidity": [
            36.5,
            51
        ]
    },
    "E101": {
        "co2": [
            1108,
            801,
            932
        ],
        "timestamp": [
            "2024-12-04 15:18:44",
            "2024-12-05 15:18:36",
            "2024-12-06 14:58:39"
        ],
        "illumination": [
            176,
            112,
            182
        ],
        "pressure": [
            1003.3,
            1001.9,
            1001.3
        ],
        "temperature": [
            20.5,
            21
        ],
        "humidity": [
            39,
            54.5
        ],
        "activity": [
            74,
            203
        ]
    },
    "C006": {
        "co2": [
            1678,
            1608,
            566
        ],
        "timestamp": [
            "2024-12-04 15:19:08",
            "2024-12-05 15:19:00",
            "2024-12-06 14:59:09"
        ],
        "illumination": [
            75,
            75
        ],
        "pressure": [
            1003.9,
            1002.5,
            1001.9
        ],
        "temperature": [
            20.8,
            18.5
        ],
        "humidity": [
            45.5,
            57.5
        ],
        "activity": [
            308
        ]
    },
    "E100": {
        "co2": [
            631,
            516,
            604
        ],
        "timestamp": [
            "2024-12-04 15:19:16",
            "2024-12-05 15:19:08",
            "2024-12-06 14:59:07"
        ],
        "illumination": [
            2,
            4,
            6
        ],
        "pressure": [
            1003.5,
            1002.2,
            1001.5
        ],
        "temperature": [
            24.8,
            25
        ],
        "humidity": [
            28.5,
            41
        ]
    },
    "hall-amphi": {
        "co2": [
            619,
            602,
            592
        ],
        "timestamp": [
            "2024-12-04 15:19:16",
            "2024-12-04 15:19:17",
            "2024-12-05 15:19:07",
            "2024-12-05 15:19:08",
            "2024-12-06 14:59:10"
        ],
        "illumination": [
            16,
            16,
            28
        ],
        "pressure": [
            1003.3,
            1001.9,
            1001.3
        ],
        "temperature": [
            19.5,
            19.6
        ],
        "humidity": [
            39.5,
            55.5
        ],
        "activity": [
            19,
            12
        ]
    },
    "B110": {
        "co2": [
            1534,
            1085
        ],
        "timestamp": [
            "2024-12-04 15:19:45",
            "2024-12-06 14:59:40"
        ],
        "illumination": [
            115,
            83
        ],
        "pressure": [
            1003.5,
            1001.5
        ],
        "temperature": [
            22.3
        ],
        "humidity": [
            54.5
        ]
    },
    "E103": {
        "co2": [
            845,
            997
        ],
        "timestamp": [
            "2024-12-04 15:19:45",
            "2024-12-06 14:59:38"
        ],
        "illumination": [
            181,
            81
        ],
        "pressure": [
            1003.6,
            1001.6
        ],
        "temperature": [
            21.1
        ],
        "humidity": [
            54.5
        ],
        "activity": [
            158
        ]
    },
    "E102": {
        "co2": [
            920,
            951
        ],
        "timestamp": [
            "2024-12-04 15:19:46",
            "2024-12-06 14:59:37"
        ],
        "illumination": [
            113,
            14
        ],
        "pressure": [
            1002.8,
            1000.7
        ],
        "temperature": [
            22.1
        ],
        "humidity": [
            51.5
        ],
        "activity": [
            97
        ]
    },
    "hall-entrée-principale": {
        "co2": [
            611,
            585
        ],
        "timestamp": [
            "2024-12-04 15:19:46",
            "2024-12-06 14:59:48"
        ],
        "illumination": [
            9,
            29
        ],
        "pressure": [
            1004,
            1002.1
        ],
        "temperature": [
            20.2
        ],
        "humidity": [
            53
        ],
        "activity": [
            19
        ]
    },
    "B106": {
        "co2": [
            1554,
            1786
        ],
        "timestamp": [
            "2024-12-04 15:20:15",
            "2024-12-06 15:00:10"
        ],
        "illumination": [
            16,
            52
        ],
        "pressure": [
            1003.6,
            1001.4
        ],
        "temperature": [
            21.7
        ],
        "humidity": [
            57
        ],
        "activity": [
            111
        ]
    },
    "B105": {
        "co2": [
            1161
        ],
        "timestamp": [
            "2024-12-04 15:22:42"
        ],
        "illumination": [
            16
        ],
        "pressure": [
            1003.3
        ]
    },
    "B113": {
        "co2": [
            1849,
            1516,
            2471
        ],
        "timestamp": [
            "2024-12-04 15:23:39",
            "2024-12-05 15:13:29",
            "2024-12-06 14:53:41",
            "2024-12-06 14:53:42"
        ],
        "temperature": [
            21.2
        ],
        "humidity": [
            63.5
        ],
        "activity": [
            7
        ],
        "illumination": [
            65
        ],
        "pressure": [
            1000.8
        ]
    },
    "Foyer-etudiants-entrée": {
        "temperature": [
            49.9
        ],
        "timestamp": [
            "2024-12-06 14:52:33"
        ],
        "humidity": [
            59
        ],
        "activity": [
            32
        ],
        "co2": [
            913
        ],
        "illumination": [
            71
        ],
        "pressure": [
            1002.1
        ]
    },
    "B111": {
        "temperature": [
            21.4
        ],
        "timestamp": [
            "2024-12-06 14:52:38"
        ],
        "humidity": [
            55
        ],
        "co2": [
            898
        ],
        "illumination": [
            36
        ],
        "pressure": [
            1001.3
        ]
    },
    "B234": {
        "temperature": [
            23.2
        ],
        "timestamp": [
            "2024-12-06 14:52:38"
        ],
        "humidity": [
            46
        ],
        "activity": [
            269
        ],
        "co2": [
            1193
        ],
        "illumination": [
            19
        ],
        "pressure": [
            1000.9
        ]
    },
    "E006": {
        "temperature": [
            21.4
        ],
        "timestamp": [
            "2024-12-06 14:53:38"
        ],
        "humidity": [
            53.5
        ],
        "activity": [
            12
        ],
        "co2": [
            970
        ],
        "illumination": [
            70
        ],
        "pressure": [
            1001.1
        ]
    },
    "E209": {
        "temperature": [
            21.7
        ],
        "timestamp": [
            "2024-12-06 14:53:59"
        ],
        "humidity": [
            47.5
        ],
        "co2": [
            450
        ],
        "illumination": [
            22
        ],
        "pressure": [
            1000.7
        ]
    },
    "B001": {
        "temperature": [
            21.8
        ],
        "timestamp": [
            "2024-12-06 15:00:29"
        ],
        "humidity": [
            51
        ],
        "co2": [
            878
        ],
        "illumination": [
            52
        ],
        "pressure": [
            1001.6
        ]
    },
    "E004": {
        "temperature": [
            21.5
        ],
        "timestamp": [
            "2024-12-06 15:00:36"
        ],
        "humidity": [
            49
        ],
        "co2": [
            448
        ],
        "illumination": [
            1180
        ],
        "pressure": [
            1002
        ]
    },
    "E106": {
        "temperature": [
            21.3
        ],
        "timestamp": [
            "2024-12-06 15:00:37"
        ],
        "humidity": [
            54
        ],
        "activity": [
            48
        ],
        "co2": [
            1063
        ],
        "illumination": [
            16
        ],
        "pressure": [
            1001.3
        ]
    },
    "C004": {
        "temperature": [
            18
        ],
        "timestamp": [
            "2024-12-06 15:01:05"
        ],
        "humidity": [
            57
        ],
        "co2": [
            466
        ],
        "illumination": [
            13
        ],
        "pressure": [
            1001.9
        ]
    },
    "Foyer-personnels": {
        "temperature": [
            21.7
        ],
        "timestamp": [
            "2024-12-06 15:01:07"
        ],
        "humidity": [
            56
        ],
        "co2": [
            1264
        ],
        "illumination": [
            132
        ],
        "pressure": [
            1000.7
        ]
    },
    "B202": {
        "temperature": [
            21.1
        ],
        "timestamp": [
            "2024-12-06 15:01:10"
        ],
        "humidity": [
            58.5
        ],
        "activity": [
            246
        ],
        "co2": [
            1973
        ],
        "illumination": [
            28
        ],
        "pressure": [
            1001.3
        ]
    },
    "Local-velo": {
        "temperature": [
            21.2
        ],
        "timestamp": [
            "2024-12-06 15:01:10"
        ],
        "humidity": [
            52.5
        ],
        "co2": [
            442
        ],
        "illumination": [
            957
        ],
        "pressure": [
            1000
        ]
    },
    "C001": {
        "temperature": [
            22.3
        ],
        "timestamp": [
            "2024-12-06 15:01:39"
        ],
        "humidity": [
            44
        ],
        "co2": [
            524
        ],
        "pressure": [
            1001.8
        ]
    },
    "B109": {
        "temperature": [
            22.2
        ],
        "timestamp": [
            "2024-12-06 15:01:39"
        ],
        "humidity": [
            47
        ],
        "activity": [
            523
        ],
        "co2": [
            699
        ],
        "illumination": [
            160
        ],
        "pressure": [
            1001.1
        ]
    },
    "B002": {
        "temperature": [
            19.6
        ],
        "timestamp": [
            "2024-12-06 15:01:58",
            "2024-12-06 15:01:59"
        ],
        "humidity": [
            52
        ],
        "co2": [
            2095
        ],
        "illumination": [
            32
        ],
        "pressure": [
            1001.7
        ]
    },
    "Salle-conseil": {
        "temperature": [
            24.8
        ],
        "timestamp": [
            "2024-12-06 15:02:08"
        ],
        "humidity": [
            42.5
        ],
        "co2": [
            508
        ],
        "illumination": [
            169
        ],
        "pressure": [
            1001.2
        ]
    }
}