{
    "B217": {
        "co2": [
            1045,
            1243
        ],
        "timestamp": [
            "2024-12-04 15:15:43",
            "2024-12-06 15:35:37"
        ],
        "illumination": [
            50,
            38
        ],
        "pressure": [
            1002.9,
            1000.7
        ],
        "temperature": [
            22
        ],
        "humidity": [
            54.5
        ]
    },
    "C002": {
        "co2": [
            1109,
            890
        ],
        "timestamp": [
            "2024-12-04 15:15:45",
            "2024-12-06 15:35:39"
        ],
        "illumination": [
            32,
            33
        ],
        "pressure": [
            1003.8,
            1001.5
        ],
        "temperature": [
            21.1
        ],
        "humidity": [
            52
        ],
        "activity": [
            33
        ]
    },
    "B112": {
        "co2": [
            1870,
            1969,
            2059
        ],
        "timestamp": [
            "2024-12-04 15:15:48",
            "2024-12-04 15:25:48",
            "2024-12-06 15:35:39"
        ],
        "illumination": [
            92,
            58
        ],
        "pressure": [
            1003.1,
            1000.9
        ],
        "temperature": [
            22.2
        ],
        "humidity": [
            59.5
        ],
        "activity": [
            74
        ]
    },
    "E001": {
        "co2": [
            1329,
            1664
        ],
        "timestamp": [
            "2024-12-04 15:16:11",
            "2024-12-06 15:36:08"
        ],
        "illumination": [
            4,
            89
        ],
        "pressure": [
            1004.1,
            1002.1
        ],
        "temperature": [
            21.8
        ],
        "humidity": [
            59
        ],
        "activity": [
            102
        ]
    },
    "B108": {
        "co2": [
            2089
        ],
        "timestamp": [
            "2024-12-04 15:16:43"
        ],
        "illumination": [
            9
        ],
        "pressure": [
            1003.3
        ]
    },
    "C102": {
        "co2": [
            640,
            520
        ],
        "timestamp": [
            "2024-12-04 15:17:17",
            "2024-12-05 15:17:09"
        ],
        "illumination": [
            6,
            6
        ],
        "pressure": [
            1003.8,
            1002.3
        ],
        "temperature": [
            18.6
        ],
        "humidity": [
            41.5
        ],
        "activity": [
            1
        ]
    },
    "E007": {
        "co2": [
            1129,
            470
        ],
        "timestamp": [
            "2024-12-04 15:17:18",
            "2024-12-05 15:17:08"
        ],
        "illumination": [
            133,
            27
        ],
        "pressure": [
            1004.1,
            1002.8
        ],
        "temperature": [
            19.1
        ],
        "humidity": [
            38
        ]
    },
    "amphi1": {
        "co2": [
            438,
            456
        ],
        "timestamp": [
            "2024-12-04 15:17:44",
            "2024-12-05 15:17:36"
        ],
        "illumination": [
            1
        ],
        "pressure": [
            1003.6,
            1002.3
        ],
        "temperature": [
            20.6
        ],
        "humidity": [
            39
        ]
    },
    "B203": {
        "co2": [
            1378,
            847
        ],
        "timestamp": [
            "2024-12-04 15:17:46",
            "2024-12-05 15:17:36"
        ],
        "illumination": [
            72,
            32
        ],
        "pressure": [
            1002.9,
            1001.5
        ],
        "temperature": [
            21
        ],
        "humidity": [
            41.5
        ]
    },
    "E208": {
        "co2": [
            1028,
            523
        ],
        "timestamp": [
            "2024-12-04 15:17:47",
            "2024-12-05 15:17:39"
        ],
        "illumination": [
            13,
            13
        ],
        "pressure": [
            1003,
            1001.6
        ],
        "temperature": [
            19
        ],
        "humidity": [
            38.5
        ],
        "activity": [
            27
        ]
    },
    "E210": {
        "co2": [
            1084,
            722
        ],
        "timestamp": [
            "2024-12-04 15:18:09",
            "2024-12-05 15:18:00"
        ],
        "illumination": [
            352,
            361
        ],
        "pressure": [
            1002.2,
            1000.8
        ],
        "temperature": [
            21.5
        ],
        "humidity": [
            37
        ],
        "activity": [
            421
        ]
    },
    "B103": {
        "co2": [
            2420,
            2746
        ],
        "timestamp": [
            "2024-12-04 15:18:12",
            "2024-12-05 15:18:11"
        ],
        "illumination": [
            11,
            18
        ],
        "pressure": [
            1003.5,
            1002.1
        ],
        "temperature": [
            22.9
        ],
        "humidity": [
            37
        ]
    },
    "E207": {
        "co2": [
            525,
            492
        ],
        "timestamp": [
            "2024-12-04 15:18:43",
            "2024-12-05 15:18:35"
        ],
        "illumination": [
            955,
            104
        ],
        "pressure": [
            1003.1,
            1001.8
        ],
        "temperature": [
            19.4
        ],
        "humidity": [
            36.5
        ]
    },
    "E101": {
        "co2": [
            1108,
            801
        ],
        "timestamp": [
            "2024-12-04 15:18:44",
            "2024-12-05 15:18:36"
        ],
        "illumination": [
            176,
            112
        ],
        "pressure": [
            1003.3,
            1001.9
        ],
        "temperature": [
            20.5
        ],
        "humidity": [
            39
        ],
        "activity": [
            74
        ]
    },
    "C006": {
        "co2": [
            1678,
            1608
        ],
        "timestamp": [
            "2024-12-04 15:19:08",
            "2024-12-05 15:19:00"
        ],
        "illumination": [
            75,
            75
        ],
        "pressure": [
            1003.9,
            1002.5
        ],
        "temperature": [
            20.8
        ],
        "humidity": [
            45.5
        ],
        "activity": [
            308
        ]
    },
    "E100": {
        "co2": [
            631,
            516
        ],
        "timestamp": [
            "2024-12-04 15:19:16",
            "2024-12-05 15:19:08"
        ],
        "illumination": [
            2,
            4
        ],
        "pressure": [
            1003.5,
            1002.2
        ],
        "temperature": [
            24.8
        ],
        "humidity": [
            28.5
        ]
    },
    "hall-amphi": {
        "co2": [
            619,
            602
        ],
        "timestamp": [
            "2024-12-04 15:19:16",
            "2024-12-04 15:19:17",
            "2024-12-05 15:19:07",
            "2024-12-05 15:19:08"
        ],
        "illumination": [
            16,
            16
        ],
        "pressure": [
            1003.3,
            1001.9
        ],
        "temperature": [
            19.5
        ],
        "humidity": [
            39.5
        ],
        "activity": [
            19
        ]
    },
    "B110": {
        "co2": [
            1534
        ],
        "timestamp": [
            "2024-12-04 15:19:45"
        ],
        "illumination": [
            115
        ],
        "pressure": [
            1003.5
        ]
    },
    "E103": {
        "co2": [
            845
        ],
        "timestamp": [
            "2024-12-04 15:19:45"
        ],
        "illumination": [
            181
        ],
        "pressure": [
            1003.6
        ]
    },
    "E102": {
        "co2": [
            920
        ],
        "timestamp": [
            "2024-12-04 15:19:46"
        ],
        "illumination": [
            113
        ],
        "pressure": [
            1002.8
        ]
    },
    "hall-entrée-principale": {
        "co2": [
            611
        ],
        "timestamp": [
            "2024-12-04 15:19:46"
        ],
        "illumination": [
            9
        ],
        "pressure": [
            1004
        ]
    },
    "B106": {
        "co2": [
            1554
        ],
        "timestamp": [
            "2024-12-04 15:20:15"
        ],
        "illumination": [
            16
        ],
        "pressure": [
            1003.6
        ]
    },
    "B105": {
        "co2": [
            1161
        ],
        "timestamp": [
            "2024-12-04 15:22:42"
        ],
        "illumination": [
            16
        ],
        "pressure": [
            1003.3
        ]
    },
    "B113": {
        "co2": [
            1849,
            1516,
            2603
        ],
        "timestamp": [
            "2024-12-04 15:23:39",
            "2024-12-05 15:13:29",
            "2024-12-06 15:33:41"
        ],
        "temperature": [
            21.4
        ],
        "humidity": [
            64
        ],
        "activity": [
            28
        ],
        "illumination": [
            65
        ],
        "pressure": [
            1000.8
        ]
    },
    "E006": {
        "temperature": [
            21.7
        ],
        "timestamp": [
            "2024-12-06 15:33:39"
        ],
        "humidity": [
            53.5
        ],
        "activity": [
            23
        ],
        "co2": [
            1121
        ],
        "illumination": [
            61
        ],
        "pressure": [
            1001
        ]
    },
    "E209": {
        "temperature": [
            21.7
        ],
        "timestamp": [
            "2024-12-06 15:33:59"
        ],
        "humidity": [
            46.5
        ],
        "co2": [
            448
        ],
        "illumination": [
            18
        ],
        "pressure": [
            1000.6
        ]
    },
    "E003": {
        "temperature": [
            23.2
        ],
        "timestamp": [
            "2024-12-06 15:34:38"
        ],
        "humidity": [
            44.5
        ],
        "co2": [
            456
        ],
        "illumination": [
            339
        ],
        "pressure": [
            1001.7
        ]
    }
}