{
    "C001": {
        "temperature": [
            22.3
        ],
        "humidity": [
            44
        ],
        "activity": [
            0
        ],
        "co2": [
            524
        ],
        "illumination": [
            1
        ],
        "pressure": [
            1001.8
        ],
        "timestamp": [
            "2024-12-06 15:01:39"
        ]
    },
    "B109": {
        "temperature": [
            22.2
        ],
        "humidity": [
            47
        ],
        "activity": [
            523
        ],
        "co2": [
            699
        ],
        "illumination": [
            160
        ],
        "pressure": [
            1001.1
        ],
        "timestamp": [
            "2024-12-06 15:01:39"
        ]
    },
    "B002": {
        "temperature": [
            19.6
        ],
        "humidity": [
            52
        ],
        "activity": [
            0
        ],
        "co2": [
            2095
        ],
        "illumination": [
            32
        ],
        "pressure": [
            1001.7
        ],
        "timestamp": [
            "2024-12-06 15:01:59"
        ]
    }
}